age,salary,experience
-0.7133941929949034,-0.5918877645532257,-0.7504283707412239
-0.8525930599207383,-1.0036357746772087,-0.7504283707412239
