age,salary,experience,department
-0.5872202195147035,-0.453134814946744,-0.6363252234533515,HR
-0.7340252743933794,-0.8846917815626907,-0.6363252234533515,HR
