age,salary,experience
-1.1309907937724077,-0.386013759491234,-1.0749379364671585
-1.5485873945499122,-1.7756632936596768,-1.2371927193301255
1.5137876778184538,1.569789288597685,1.8456481550662533
0.12179900856010543,0.025734250632748895,-0.10140923928935464
-0.15659872529156416,-0.386013759491234,-0.42591880501528917
-0.5741953260690685,-0.7462932683497191,-0.5881735878782565
1.0961910770409493,1.0551042759427065,1.0343742407514167
0.6785944762634448,0.6433562658187233,0.5476098921625148
